 [
  {
    "id": "1",
    "name": "Canon EOS 400D",
    "image": "https://res.cloudinary.com/dz4tt9omp/image/upload/v1660868999/camera.png",
    "description":"It is the successor of the Canon EOS 350D, and upgrades to a 10.1 megapixel CMOS sensor, a larger continuous shooting buffer, an integrated image sensor vibrating cleaning system (first used in a Canon EOS DSLR), a more precise nine-point autofocus system from the EOS 30D, improved grip, and a bigger 2.5-inch (64 mm) LCD with 230,000 pixels and a larger viewing angle which replaces the top status screen.",
    "type": "Photography",
    "color": "Black",
    "price": 19.99,
    "discount": 10,
    "quantity": 0,
    "ratings": [
      { "value": 5 },
      { "value": 4 },
      { "value": 3 }
    ],
    "totalRatings": 3
  },
  {
    "id": "2",
    "name": "Electric Lead Guitar",
    "image": "https://res.cloudinary.com/dz4tt9omp/image/upload/v1660869064/guitar.jpg",
    "description":"The tonewoods, hardware, pickups, comfort, balance, playability and tone set this guitars apart, giving them a credibility which will surprise even the most experienced player, and inspire the ‘first time’ player to play, play now – and carry on playing! Blaster Series guitars feature specially created vintage-voiced pickups to produce astonishingly accurate and authentic tone.",
    "type": "Music",
    "color": "Brown",
    "price": 99.99,
    "discount": 5,
    "quantity": 0,
    "ratings": [
      { "value": 5 },
      { "value": 4 },
      { "value": 3 }
    ],
    "totalRatings": 3
  },
  {
    "id": "3",
    "name": "GIGABYTE G5 KD",
    "image": "https://res.cloudinary.com/dz4tt9omp/image/upload/v1660869096/laptop.png",
    "description":"Give it up to the Gigabyte G5 KD-52US123SO gaming laptop. Its’s a refreshed RTX 3060 version of the Gigabyte G5 GD-51US123SO that’s already a great laptop. When we reviewed the latter a few months ago. We found it to be something of a genre buster with its RTX 3050 graphics card, awesome Intel “Tiger Lake” CPU and great gaming performance.",
    "type": "Computer",
    "color": "Black",
    "price": 999.99,
    "discount": 15,
    "quantity": 0,
    "ratings": [
      { "value": 5 },
      { "value": 4 },
      { "value": 3 }
    ],
    "totalRatings": 3
  },
  {
    "id": "4",
    "name": "Shure 55SH",
    "image": "https://res.cloudinary.com/dz4tt9omp/image/upload/v1660869121/microphone.png",
    "description":"If you want to capture a classic look, you need the gear to match the genre. Nothing completes the style quite like the 55SH Series II, a microphone that has been gripped by legends for decades. Others may imitate, but none can duplicate the form and function standards Shure has held from our first Unidyne mic to our latest.",
    "type": "Podcast",
    "color": "Silver",
    "price": 999.99,
    "discount": 15,
    "quantity": 0,
    "ratings": [
      { "value": 5 },
      { "value": 4 },
      { "value": 3 }
    ],
    "totalRatings": 3
  },
  {
    "id": "5",
    "name": "HP LCD Display Monitor",
    "image": "https://res.cloudinary.com/dz4tt9omp/image/upload/v1660869144/monitor.png",
    "description":"Meticulously crafted to surpass every design standard, the HP Z27u G3 QHD USB-C® Display is composed of authentic aluminum and delivers an impressive, frameless viewing experience. Bring your ideas to life with remarkable color accuracy in precise Quad HD resolution. Refine your work experience and transform your PC into a powerhouse with this 27 inch diagonal screen monitor with USB-C 100W Power Delivery",
    "type": "Computer",
    "color": "Black",
    "price": 599.99,
    "discount": 12,
    "quantity": 0,
    "ratings": [
      { "value": 5 },
      { "value": 4 },
      { "value": 3 }
    ],
    "totalRatings": 3
  },
  {
    "id": "6",
    "name": "Open Toe & Pointed Flats",
    "image": "https://res.cloudinary.com/dz4tt9omp/image/upload/v1660869167/shoe.jpg",
    "description":"Slip on and adjustable buckle design: it is convenient to wear and take off, with non-slip rubber soles, reduce the chance of falling, and give you enough sense of security",
    "type": "Fashion",
    "color": "Black",
    "price": 59.99,
    "discount": 10,
    "quantity": 0,
    "ratings": [
      { "value": 5 },
      { "value": 4 },
      { "value": 3 }
    ],
    "totalRatings": 3
  },
  {
    "id": "7",
    "name": "Iphone 15",
    "image": "https://www.apple.com/newsroom/images/2023/09/apple-unveils-iphone-15-pro-and-iphone-15-pro-max/tile/Apple-iPhone-15-Pro-lineup-hero-230912.jpg.news_app_ed.jpg",
    "description":"Sleek redesign, robust performance, groundbreaking camera features, stunning display, extended battery longevity. A pinnacle of innovation, blending style, functionality, and cutting-edge technology for an unparalleled user experience.",
    "type": "SmartPhone",
    "color": "Blue",
    "price": 259.99,
    "discount": 30,
    "quantity": 0,
    "ratings": [
      { "value": 5 },
      { "value": 4 },
      { "value": 3 }
    ],
    "totalRatings": 3
  },
  {
    "id": "8",
    "name": "S23 Ultra",
    "image": "https://images.samsung.com/is/image/samsung/p6pim/levant/2302/gallery/levant-galaxy-s23-s918-sm-s918bzgwmea-534853334?$650_519_PNG$",
    "description":"The Samsung Galaxy S23 Ultra: A flagship device featuring top-tier specifications, advanced camera system, immersive display, and innovative features for a premium mobile experience.",
    "type": "SmartPhone",
    "color": "white",
    "price": 200.99,
    "discount": 5,
    "quantity": 0,
    "ratings": [
      { "value": 5 },
      { "value": 4 },
      { "value": 3 }
    ],
    "totalRatings": 3
  },
  {
    "id": "9",
    "name": "MacBook",
    "image": "https://5.imimg.com/data5/SELLER/Default/2021/7/BN/MC/FZ/125944409/apple-macbook.jpg",
    "description":"Apple's iconic laptop lineup, known for its sleek design, powerful performance, stunning Retina display, and seamless integration with macOS, ideal for productivity, creativity, and everyday use.",
    "type": "Computer",
    "color": "grey",
    "price": 59.99,
    "discount": 10,
    "quantity": 0,
    "ratings": [
      { "value": 5 },
      { "value": 4 },
      { "value": 3 }
    ],
    "totalRatings": 3
  },
  {
    "id": "10",
    "name": "CCTV Camera",
    "image": "https://5.imimg.com/data5/SELLER/Default/2022/9/DR/BP/XL/10089124/cctv-ip-camera-500x500.jpg",
    "description":" A surveillance system utilizing cameras to monitor and record activities in designated areas, commonly used for security, safety, and crime prevention in public and private spaces.",
    "type": "Security",
    "color": "Any",
    "price": 59.99,
    "discount": 10,
    "quantity": 0,
    "ratings": [
      { "value": 5 },
      { "value": 4 },
      { "value": 3 }
    ],
    "totalRatings": 3
  }
]
